{
    "posicionJugador": {
        "x": 0.0,
        "y": -0.28999996185302737,
        "z": 8.482210159301758
    },
    "rotacionJugador": {
        "x": 0.0,
        "y": 0.0,
        "z": 0.0,
        "w": 1.0
    }
}